{"r_squared": 0.15391037892455683, "rmse": 6348.533500735664}