{"r_squared": 0.03570513102945361, "rmse": 6777.509886999257}